country,year,population
Albania,1987,2709600
Albania,1988,2764300
Albania,1989,2803100
Albania,1992,2822500
Albania,1993,2807300
Albania,1994,2849300
Albania,1995,2903400
Albania,1996,2940200
Albania,1997,2977300
Albania,1998,3012700
Albania,1999,3029700
Albania,2000,2796300
Albania,2001,2799349
Albania,2002,2818839
Albania,2003,2843929
Albania,2004,2874991
Albania,2005,2783320
Albania,2006,2780176
Albania,2007,2770344
Albania,2008,2757059
Albania,2009,2745735
Albania,2010,2736025
Antigua and Barbuda,1985,62574
Antigua and Barbuda,1986,61270
Antigua and Barbuda,1987,60261
Antigua and Barbuda,1988,59564
Antigua and Barbuda,1989,59238
Antigua and Barbuda,1990,59334
Antigua and Barbuda,1991,60394
Antigua and Barbuda,1992,61741
Antigua and Barbuda,1993,63315
Antigua and Barbuda,1994,65044
Antigua and Barbuda,1995,66846
Antigua and Barbuda,1998,72225
Antigua and Barbuda,1999,73832
Antigua and Barbuda,2000,75326
Antigua and Barbuda,2001,76497
Antigua and Barbuda,2002,77588
Antigua and Barbuda,2003,78658
Antigua and Barbuda,2004,79722
Antigua and Barbuda,2005,80809
Antigua and Barbuda,2006,81973
Antigua and Barbuda,2007,83131
Antigua and Barbuda,2008,84273
Antigua and Barbuda,2009,85405
Antigua and Barbuda,2012,88703
Antigua and Barbuda,2013,89779
Antigua and Barbuda,2014,90837
Antigua and Barbuda,2015,91889
Argentina,1985,27090800
Argentina,1986,27244400
Argentina,1987,27599400
Argentina,1988,28308000
Argentina,1989,28702000
Argentina,1990,29091100
Argentina,1991,29623000
Argentina,1992,30045400
Argentina,1993,30477500
Argentina,1994,30911200
Argentina,1995,31345400
Argentina,1996,31780700
Argentina,1997,32333781
Argentina,1998,32757259
Argentina,1999,33174862
Argentina,2000,33585533
Argentina,2001,34010946
Argentina,2002,34407507
Argentina,2003,34785907
Argentina,2004,35162945
Argentina,2005,35550617
Argentina,2006,35918886
Argentina,2007,36315492
Argentina,2008,36733520
Argentina,2009,37158001
Argentina,2010,37578454
Argentina,2011,38015739
Argentina,2012,38441778
Argentina,2013,38859125
Argentina,2014,39276555
Argentina,2015,39699624
Armenia,1990,2983700
Armenia,1991,3230800
Armenia,1992,3308700
Armenia,1993,3366600
Armenia,1994,3402500
Armenia,1995,3443200
Armenia,1996,3486300
Armenia,1997,3526700
Armenia,1998,3558000
Armenia,1999,3580700
Armenia,2000,3606500
Armenia,2001,3610516
Armenia,2002,3014844
Armenia,2003,3024366
Armenia,2006,2764396
Armenia,2007,2735313
Armenia,2008,3045391
Armenia,2009,2689695
Armenia,2010,2676225
Armenia,2011,2670366
Armenia,2012,2814300
Armenia,2013,2810664
Armenia,2014,2803029
Armenia,2015,2795335
Armenia,2016,2400033
Aruba,1995,73581
Aruba,1999,81934
Aruba,2000,83888
Aruba,2001,86045
Aruba,2002,88284
Aruba,2003,90457
Aruba,2004,92335
Aruba,2005,93728
Aruba,2006,94508
Aruba,2007,94814
Aruba,2008,94814
Aruba,2009,94795
Aruba,2010,95006
Aruba,2011,95488
Australia,1985,14562500
Australia,1986,14809800
Australia,1987,15046500
Australia,1988,15312100
Australia,1989,15570600
Australia,1990,15807000
Australia,1991,16012100
Australia,1992,16203500
Australia,1993,16370000
Australia,1994,16549400
Australia,1995,16766300
Australia,1996,17015100
Australia,1997,17221300
Australia,1998,17421730
Australia,1999,17641702
Australia,2000,17874410
Australia,2001,18130883
Australia,2002,18370058
Australia,2003,18608029
Australia,2004,18854551
Australia,2006,19109246
Australia,2007,19734430
Australia,2008,20120312
Australia,2009,20529317
Australia,2010,20847547
Australia,2011,20881910
Australia,2012,21238909
Australia,2013,21600180
Australia,2014,21927587
Australia,2015,22240785
Austria,1985,7110115
Austria,1986,7119149
Austria,1987,7130006
Austria,1988,7144410
Austria,1989,7177666
Austria,1990,7231353
Austria,1991,7299728
Austria,1992,7375368
Austria,1993,7433569
Austria,1994,7462552
Austria,1995,7477030
Austria,1996,7493706
Austria,1997,7512589
Austria,1998,7533519
Austria,1999,7561609
Austria,2000,7592073
Austria,2001,7634560
Austria,2002,7683162
Austria,2003,7722033
Austria,2004,7773105
Austria,2005,7827461
Austria,2006,7869269
Austria,2007,7897272
Austria,2008,7925258
Austria,2009,7946894
Austria,2010,7968421
Austria,2011,7995146
Austria,2012,8031276
Austria,2013,8079615
Austria,2014,8141165
Austria,2015,8219386
Austria,2016,7484629
Azerbaijan,1990,6156800
Azerbaijan,1991,6290600
Azerbaijan,1992,6370400
Azerbaijan,1993,6442600
Azerbaijan,1994,6521200
Azerbaijan,1995,6605900
Azerbaijan,1996,6668100
Azerbaijan,1997,6711200
Azerbaijan,1998,7044400
Azerbaijan,1999,7106400
Azerbaijan,2000,7415250
Azerbaijan,2001,7518000
Azerbaijan,2002,7605700
Azerbaijan,2003,7674400
Azerbaijan,2004,7738250
Azerbaijan,2007,7921100
Bahamas,1985,203700
Bahamas,1987,220900
Bahamas,1993,243500
Bahamas,1994,249300
Bahamas,1995,254500
Bahamas,1996,252438
Bahamas,1997,255956
Bahamas,1998,260125
Bahamas,1999,264791
Bahamas,2000,269738
Bahamas,2001,276140
Bahamas,2002,282555
Bahamas,2003,288888
Bahamas,2004,295237
Bahamas,2005,301763
Bahamas,2006,308499
Bahamas,2007,314989
Bahamas,2008,321447
Bahamas,2009,327813
Bahamas,2010,333869
Bahamas,2011,338383
Bahamas,2012,343558
Bahamas,2013,348959
Bahrain,1985,365900
Bahrain,1987,363900
Bahrain,1988,389700
Bahrain,1997,529754
Bahrain,1998,546008
Bahrain,1999,565762
Bahrain,2000,590594
Bahrain,2001,624083
Bahrain,2002,661010
Bahrain,2003,702913
Bahrain,2004,751559
Bahrain,2005,819540
Bahrain,2006,888543
Bahrain,2007,964770
Bahrain,2008,1024110
Bahrain,2009,1092922
Bahrain,2010,1139160
Bahrain,2011,1103462
Bahrain,2012,1201778
Bahrain,2013,1214492
Bahrain,2014,1213966
Barbados,1985,231000
Barbados,1986,231600
Barbados,1987,233700
Barbados,1988,234800
Barbados,1989,236000
Barbados,1990,237000
Barbados,1991,237000
Barbados,1992,240000
Barbados,1993,239600
Barbados,1994,240300
Barbados,1995,241200
Barbados,2000,251133
Barbados,2001,252406
Barbados,2002,253353
Barbados,2003,254122
Barbados,2004,254925
Barbados,2005,255889
Barbados,2006,256883
Barbados,2007,258083
Barbados,2008,259414
Barbados,2009,260718
Barbados,2010,261927
Barbados,2011,263203
Barbados,2012,264270
Barbados,2013,265165
Belarus,1990,9408800
Belarus,1991,9476200
Belarus,1992,9570900
Belarus,1993,9641100
Belarus,1994,9653900
Belarus,1995,9673600
Belarus,1996,9684800
Belarus,1997,9692100
Belarus,1998,9694800
Belarus,1999,9563200
Belarus,2000,9543479
Belarus,2001,9513587
Belarus,2002,9469234
Belarus,2003,9420691
Belarus,2007,9244456
Belarus,2008,9205746
Belarus,2009,9169969
Belarus,2010,8981193
Belarus,2011,8947320
Belarus,2013,8910240
Belarus,2014,8906977
Belgium,1985,9269600
Belgium,1986,9287100
Belgium,1987,9291300
Belgium,1988,9319300
Belgium,1989,9349200
Belgium,1990,9369700
Belgium,1991,9396600
Belgium,1992,9428100
Belgium,1993,9462900
Belgium,1994,9497400
Belgium,1995,9527100
Belgium,1996,9557545
Belgium,1997,9576223
Belgium,1998,9620997
Belgium,1999,9648277
Belgium,2000,9674025
Belgium,2001,9710055
Belgium,2002,9758570
Belgium,2003,9804122
Belgium,2004,9848022
Belgium,2005,9901014
Belgium,2006,9962702
Belgium,2007,10030266
Belgium,2008,10100850
Belgium,2009,10173366
Belgium,2010,10211171
Belgium,2011,10355126
Belgium,2012,10442637
Belgium,2013,10526149
Belgium,2014,10578848
Belgium,2015,10624356
Belize,1986,146800
Belize,1987,144069
Belize,1989,153088
Belize,1990,158000
Belize,1991,162200
Belize,1993,170800
Belize,1994,170874
Belize,1995,180500
Belize,1996,180926
Belize,1997,187650
Belize,1998,195108
Belize,1999,202699
Belize,2000,210109
Belize,2001,217279
Belize,2002,224136
Belize,2003,230890
Belize,2004,237791
Belize,2005,245020
Belize,2006,252826
Belize,2007,260667
Belize,2008,268487
Belize,2009,276189
Belize,2010,283796
Belize,2011,291662
Belize,2012,298946
Belize,2013,305888
Belize,2014,312780
Belize,2015,319835
Bosnia and Herzegovina,2011,3673312
Bosnia and Herzegovina,2014,3654169
Brazil,1985,117478900
Brazil,1986,118776400
Brazil,1987,122822467
Brazil,1988,125701294
Brazil,1989,128570308
Brazil,1990,131387553
Brazil,1991,134281850
Brazil,1992,137007021
Brazil,1993,139615477
Brazil,1994,142188450
Brazil,1995,144783591
Brazil,1996,147353130
Brazil,1997,149932627
Brazil,1998,152524311
Brazil,1999,155122073
Brazil,2000,157715991
Brazil,2001,160178796
Brazil,2002,162761414
Brazil,2003,165396911
Brazil,2004,167993068
Brazil,2005,170483960
Brazil,2006,172974722
Brazil,2007,175293192
Brazil,2008,177471632
Brazil,2009,179569551
Brazil,2010,181629712
Brazil,2011,183656441
Brazil,2012,185591215
Brazil,2013,187458852
Brazil,2014,189285554
Brazil,2015,191087085
Bulgaria,1985,8392500
Bulgaria,1986,8391500
Bulgaria,1987,8375400
Bulgaria,1988,8389800
Bulgaria,1989,8403200
Bulgaria,1990,8418500
Bulgaria,1991,8431900
Bulgaria,1992,8041500
Bulgaria,1993,8001000
Bulgaria,1994,7995500
Bulgaria,1995,7983900
Bulgaria,1996,7963300
Bulgaria,1997,7933900
Bulgaria,1998,7899500
Bulgaria,1999,7866600
Bulgaria,2000,7829095
Bulgaria,2001,7591926
Bulgaria,2002,7544410
Bulgaria,2003,7493166
Bulgaria,2004,7447563
Bulgaria,2005,7404051
Bulgaria,2006,7358508
Bulgaria,2007,7312474
Bulgaria,2008,7267511
Bulgaria,2009,7219817
Bulgaria,2010,7162740
Bulgaria,2011,7056527
Bulgaria,2012,6959652
Bulgaria,2013,6920644
Bulgaria,2014,6883874
Cabo Verde,2011,452179
Canada,1985,23499900
Canada,1986,23499100
Canada,1987,23798100
Canada,1988,24080600
Canada,1989,24368400
Canada,1990,24704400
Canada,1991,25390400
Canada,1992,26454400
Canada,1993,26944700
Canada,1994,27246000
Canada,1995,27618500
Canada,1996,27706600
Canada,1997,28085100
Canada,1998,28372536
Canada,1999,28681643
Canada,2000,29008565
Canada,2001,29262055
Canada,2002,29642114
Canada,2003,29958833
Canada,2004,30283966
Canada,2005,30597090
Canada,2006,30902962
Canada,2007,31242631
Canada,2008,31588641
Canada,2009,31937357
Canada,2010,32286140
Canada,2011,32615418
Canada,2012,32961196
Canada,2013,33314836
Chile,1985,10675400
Chile,1986,10931700
Chile,1987,11209000
Chile,1988,11306000
Chile,1989,11501000
Chile,1990,11709000
Chile,1991,11871000
Chile,1992,12125000
Chile,1993,12306400
Chile,1994,12526600
Chile,1995,12897643
Chile,1996,13125089
Chile,1997,13339550
Chile,1998,13543940
Chile,1999,13743882
Chile,2000,13943575
Chile,2001,14139590
Chile,2002,14332840
Chile,2003,14523758
Chile,2004,14710993
Chile,2005,14893574
Chile,2006,15071596
Chile,2007,15245435
Chile,2008,15415661
Chile,2009,15584149
Chile,2010,15751851
Chile,2011,15910783
Chile,2012,16075247
Chile,2013,16242244
Chile,2014,16406867
Chile,2015,16565725
Colombia,1985,25052400
Colombia,1986,25585600
Colombia,1987,28009432
Colombia,1988,28649501
Colombia,1989,29289829
Colombia,1990,29930973
Colombia,1991,30584178
Colombia,1992,29615400
Colombia,1993,30242200
Colombia,1994,30874600
Colombia,1995,33090899
Colombia,1996,33703636
Colombia,1997,34338825
Colombia,1998,34987039
Colombia,1999,35629408
Colombia,2000,36252342
Colombia,2001,36884428
Colombia,2002,37478276
Colombia,2003,38044513
Colombia,2004,38604716
Colombia,2005,39172790
Colombia,2006,39708676
Colombia,2007,40275206
Colombia,2008,40859129
Colombia,2009,41436173
Colombia,2010,41989103
Colombia,2011,42538305
Colombia,2012,43055864
Colombia,2013,43546298
Colombia,2014,44021800
Colombia,2015,44490427
Costa Rica,1985,2236200
Costa Rica,1986,2292900
Costa Rica,1987,2400700
Costa Rica,1988,2465200
Costa Rica,1989,2556000
Costa Rica,1990,2627800
Costa Rica,1991,2704000
Costa Rica,1992,2778400
Costa Rica,1993,2853700
Costa Rica,1994,2929100
Costa Rica,1995,3135200
Costa Rica,1996,3192446
Costa Rica,1997,3279559
Costa Rica,1998,3365726
Costa Rica,1999,3449923
Costa Rica,2000,3531421
Costa Rica,2001,3606850
Costa Rica,2002,3680372
Costa Rica,2003,3751871
Costa Rica,2004,3820857
Costa Rica,2005,3887096
Costa Rica,2006,3953916
Costa Rica,2007,4015241
Costa Rica,2008,4072561
Costa Rica,2009,4128459
Costa Rica,2010,4184663
Costa Rica,2011,4235514
Costa Rica,2012,4290210
Costa Rica,2013,4347229
Costa Rica,2014,4403674
Croatia,1995,4497400
Croatia,1996,4220800
Croatia,1997,4295100
Croatia,1998,4227900
Croatia,1999,4283800
Croatia,2000,4118000
Croatia,2001,4180633
Croatia,2002,4217300
Croatia,2003,4225600
Croatia,2004,4229600
Croatia,2005,4235875
Croatia,2006,4234946
Croatia,2007,4230855
Croatia,2008,4225583
Croatia,2009,4216050
Croatia,2010,4203963
Croatia,2011,4189029
Croatia,2012,4054296
Croatia,2013,4044457
Croatia,2014,4030452
Croatia,2015,4001669
Croatia,2016,3567043
Cuba,1992,9915600
Cuba,1993,10004200
Cuba,1994,10089300
Cuba,1995,10168400
Cuba,1996,10241600
Cuba,1997,10260492
Cuba,1998,10307978
Cuba,1999,10350039
Cuba,2000,10397209
Cuba,2001,10433428
Cuba,2002,10479415
Cuba,2003,10531074
Cuba,2004,10578701
Cuba,2005,10616406
Cuba,2006,10653638
Cuba,2007,10678023
Cuba,2008,10693814
Cuba,2009,10708230
Cuba,2010,10725848
Cuba,2011,10748034
Cuba,2012,10770535
Cuba,2013,10792690
Cuba,2014,10813411
Cuba,2015,10832068
Cyprus,1999,856733
Cyprus,2000,875229
Cyprus,2004,690616
Cyprus,2005,701263
Cyprus,2006,713426
Cyprus,2007,728566
Cyprus,2008,747034
Cyprus,2009,767174
Cyprus,2010,787081
Cyprus,2011,800820
Cyprus,2012,814305
Cyprus,2013,813016
Cyprus,2014,804818
Cyprus,2015,796037
Cyprus,2016,711344
Czech Republic,1990,9710900
Czech Republic,1991,9667500
Czech Republic,1992,9681900
Czech Republic,1993,9703400
Czech Republic,1994,9723700
Czech Republic,1995,9744300
Czech Republic,1996,9763900
Czech Republic,1997,9786700
Czech Republic,1998,9808300
Czech Republic,1999,9819215
Czech Republic,2000,9819742
Czech Republic,2001,9838083
Czech Republic,2002,9752463
Czech Republic,2003,9748550
Czech Republic,2004,9746647
Czech Republic,2005,9761733
Czech Republic,2006,9780319
Czech Republic,2007,9818295
Czech Republic,2008,9899594
Czech Republic,2009,9937407
Czech Republic,2010,9945273
Czech Republic,2011,9906318
Czech Republic,2012,9923127
Czech Republic,2013,9936780
Czech Republic,2014,9963127
Czech Republic,2015,9989325
Czech Republic,2016,8929942
Denmark,1994,4874900
Denmark,1995,4889100
Denmark,1996,4917300
Denmark,1997,4937300
Denmark,1998,4956400
Denmark,1999,4976200
Denmark,2000,4998610
Denmark,2001,5018451
Denmark,2002,5041222
Denmark,2003,5056783
Denmark,2004,5072927
Denmark,2005,5089852
Denmark,2006,5110460
Denmark,2007,5133001
Denmark,2008,5162525
Denmark,2009,5192790
Denmark,2010,5217785
Denmark,2011,5244150
Denmark,2012,5270539
Denmark,2013,5299698
Denmark,2014,5339166
Denmark,2015,5383060
Dominica,1985,66400
Ecuador,1985,7661800
Ecuador,1986,7881300
Ecuador,1987,8356800
Ecuador,1988,8593200
Ecuador,1989,8578619
Ecuador,1990,8800933
Ecuador,1991,9091700
Ecuador,1992,9253155
Ecuador,1993,9488483
Ecuador,1994,9725255
Ecuador,1995,9960563
Ecuador,1996,10195848
Ecuador,1997,10427773
Ecuador,1998,10656446
Ecuador,1999,10883283
Ecuador,2000,11109383
Ecuador,2001,11328328
Ecuador,2002,11548770
Ecuador,2003,11771002
Ecuador,2004,11994153
Ecuador,2005,12217643
Ecuador,2006,12449374
Ecuador,2007,12677354
Ecuador,2008,12903183
Ecuador,2009,13130161
Ecuador,2010,13360285
Ecuador,2011,13583553
Ecuador,2012,13815861
Ecuador,2013,14054613
Ecuador,2014,14295145
Ecuador,2015,14534024
El Salvador,1990,4510552
El Salvador,1991,4576985
El Salvador,1992,4591600
El Salvador,1993,4694300
El Salvador,1995,4836397
El Salvador,1996,4892391
El Salvador,1997,4949302
El Salvador,1998,5006338
El Salvador,1999,5062759
El Salvador,2000,5118189
El Salvador,2001,5175094
El Salvador,2002,5230458
El Salvador,2003,5283542
El Salvador,2004,5333170
El Salvador,2005,5378879
El Salvador,2006,5429044
El Salvador,2007,5467861
El Salvador,2008,5499287
El Salvador,2009,5528910
El Salvador,2010,5560453
El Salvador,2011,5585785
El Salvador,2012,5618823
El Salvador,2013,5657250
El Salvador,2014,5696329
Estonia,1995,1356651
Estonia,1996,1342202
Estonia,1997,1331234
Estonia,1998,1321719
Estonia,1999,1313198
Estonia,2000,1334175
Estonia,2001,1325610
Estonia,2002,1316690
Estonia,2003,1307160
Estonia,2004,1297650
Estonia,2005,1288495
Estonia,2006,1278915
Estonia,2007,1270415
Estonia,2008,1264005
Estonia,2009,1259010
Estonia,2010,1254225
Estonia,2011,1249427
Estonia,2012,1251631
Estonia,2013,1243096
Estonia,2014,1241852
Estonia,2015,1243450
Fiji,2001,719459
Fiji,2002,723187
Fiji,2003,725591
Fiji,2004,728408
Fiji,2005,732607
Fiji,2006,737759
Fiji,2007,745055
Fiji,2008,753658
Fiji,2009,762403
Fiji,2011,776325
Fiji,2012,782939
Finland,1987,4614100
Finland,1988,4633600
Finland,1989,4654300
Finland,1990,4675100
Finland,1991,4698500
Finland,1992,4720900
Finland,1993,4741000
Finland,1994,4761600
Finland,1995,4781300
Finland,1996,4802200
Finland,1997,4823200
Finland,1998,4844673
Finland,1999,4864255
Finland,2000,4881820
Finland,2001,4898983
Finland,2002,4915614
Finland,2003,4929856
Finland,2004,4944765
Finland,2005,4961784
Finland,2006,4979740
Finland,2007,4998853
Finland,2008,5020096
Finland,2009,5042316
Finland,2010,5063494
Finland,2011,5085985
Finland,2012,5110450
Finland,2013,5135433
Finland,2014,5159944
Finland,2015,5181797
France,1985,51382600
France,1986,51637600
France,1987,51900800
France,1988,52157600
France,1989,52417900
France,1990,52952900
France,1991,53282900
France,1992,53622300
France,1993,53945400
France,1994,54247100
France,1995,54528500
France,1996,54791600
France,1997,55045500
France,1998,55280700
France,1999,55043393
France,2000,55267624
France,2001,55511272
France,2002,55935517
France,2003,56360402
France,2004,56813922
France,2005,57160687
France,2006,57824447
France,2007,58167011
France,2008,58482967
France,2009,58770727
France,2010,59056283
France,2011,59344643
France,2012,59638457
France,2013,59910069
France,2014,60275954
Georgia,1990,4986400
Georgia,1991,5018550
Georgia,1992,4988700
Georgia,1994,4518900
Georgia,1995,4410850
Georgia,1996,4310350
Georgia,1997,4240600
Georgia,1998,4209250
Georgia,1999,4187750
Georgia,2000,4165600
Georgia,2001,4140950
Georgia,2004,4089850
Georgia,2005,4132000
Georgia,2006,4166500
Georgia,2007,4154900
Georgia,2009,4158750
Georgia,2010,4193800
Georgia,2011,4202600
Georgia,2012,4200900
Georgia,2013,4192600
Georgia,2014,3470600
Georgia,2015,3458400
Germany,1990,74958800
Germany,1991,75495900
Germany,1992,76131700
Germany,1993,76793400
Germany,1994,77163400
Germany,1995,77547500
Germany,1996,77882500
Germany,1997,78067900
Germany,1998,78071100
Germany,1999,78141200
Germany,2000,78242066
Germany,2001,78421514
Germany,2002,78633771
Germany,2003,78756461
Germany,2004,78811814
Germany,2005,78851254
Germany,2006,78828994
Germany,2007,78776585
Germany,2008,78662789
Germany,2009,78448602
Germany,2010,78349067
Germany,2011,78371140
Germany,2012,78508115
Germany,2013,77270988
Germany,2014,77552369
Germany,2015,78136683
Greece,1985,9275400
Greece,1986,9334000
Greece,1987,9387400
Greece,1988,9450000
Greece,1989,9527500
Greece,1990,9617000
Greece,1991,9721144
Greece,1992,9834155
Greece,1993,9930405
Greece,1994,10018932
Greece,1995,10101632
Greece,1996,10178479
Greece,1997,10248806
Greece,1998,10310630
Greece,1999,10362363
Greece,2000,10403059
Greece,2001,10441529
Greece,2002,10482045
Greece,2003,10515665
Greece,2004,10547290
Greece,2005,10582816
Greece,2006,10618891
Greece,2007,10653591
Greece,2008,10686723
Greece,2009,10719618
Greece,2010,10735384
Greece,2011,10728724
Greece,2012,10539802
Greece,2013,10431289
Greece,2014,10380547
Greece,2015,10331286
Grenada,1985,85375
Grenada,1988,87300
Grenada,1989,81805
Grenada,1990,82000
Grenada,1991,82400
Grenada,1992,83528
Grenada,1993,85304
Grenada,1994,87036
Grenada,1995,88433
Grenada,1996,89772
Grenada,2001,91415
Grenada,2002,91908
Grenada,2003,92567
Grenada,2004,93202
Grenada,2005,93685
Grenada,2006,94126
Grenada,2007,94418
Grenada,2008,94585
Grenada,2009,94746
Grenada,2010,94980
Grenada,2011,95102
Grenada,2012,95426
Grenada,2013,95876
Grenada,2014,96393
Grenada,2015,96892
Grenada,2016,79012
Guatemala,1986,6924188
Guatemala,1987,7108740
Guatemala,1988,7300076
Guatemala,1989,7493108
Guatemala,1990,7683992
Guatemala,1991,7880665
Guatemala,1992,8069672
Guatemala,1993,8254958
Guatemala,1994,8443914
Guatemala,1995,8641512
Guatemala,1996,8832326
Guatemala,1997,9044205
Guatemala,1998,9273529
Guatemala,1999,9512666
Guatemala,2000,9755585
Guatemala,2001,10015097
Guatemala,2002,10277166
Guatemala,2003,10542980
Guatemala,2004,10817808
Guatemala,2005,11104906
Guatemala,2006,11397134
Guatemala,2007,11708397
Guatemala,2008,12032885
Guatemala,2009,12359945
Guatemala,2010,12682151
Guatemala,2011,13017342
Guatemala,2012,13335425
Guatemala,2013,13641878
Guatemala,2014,13947190
Guatemala,2015,14258397
Guyana,1988,654894
Guyana,1989,654104
Guyana,1990,653426
Guyana,1991,654620
Guyana,1992,656713
Guyana,1993,658831
Guyana,1994,660582
Guyana,1995,661682
Guyana,1996,659048
Guyana,1997,657584
Guyana,1998,657089
Guyana,1999,657094
Guyana,2001,660426
Guyana,2002,662839
Guyana,2003,664705
Guyana,2004,666308
Guyana,2005,667709
Guyana,2006,668408
Guyana,2007,668788
Guyana,2008,669253
Guyana,2009,670155
Guyana,2010,671825
Guyana,2011,675283
Guyana,2012,679356
Guyana,2013,683867
Hungary,1991,9757766
Hungary,1992,9754956
Hungary,1993,9747902
Hungary,1994,9740817
Hungary,1995,9737248
Hungary,1996,9737250
Hungary,1997,9737781
Hungary,1998,9734373
Hungary,1999,9553064
Hungary,2000,9527034
Hungary,2001,9704598
Hungary,2002,9680164
Hungary,2003,9652533
Hungary,2004,9630044
Hungary,2005,9608943
Hungary,2006,9591110
Hungary,2007,9572938
Hungary,2008,9552784
Hungary,2009,9534237
Hungary,2010,9514005
Hungary,2011,9495011
Hungary,2012,9453181
Hungary,2013,9433840
Hungary,2014,9412788
Hungary,2015,9389519
Hungary,2016,8390370
Iceland,1985,220100
Iceland,1986,222300
Iceland,1987,225600
Iceland,1988,229200
Iceland,1989,232000
Iceland,1990,233300
Iceland,1991,235900
Iceland,1992,238000
Iceland,1993,240500
Iceland,1994,242700
Iceland,1995,244700
Iceland,1996,246500
Iceland,1997,248929
Iceland,1998,252253
Iceland,1999,255820
Iceland,2000,259723
Iceland,2001,263738
Iceland,2002,266455
Iceland,2003,268330
Iceland,2004,271588
Iceland,2005,274929
Iceland,2006,282999
Iceland,2007,289712
Iceland,2008,296836
Iceland,2009,296204
Iceland,2010,294620
Iceland,2011,295475
Iceland,2012,297238
Iceland,2013,300456
Iceland,2014,304472
Iceland,2015,308554
Iceland,2016,268773
Ireland,1985,3208200
Ireland,1986,3216700
Ireland,1987,3229700
Ireland,1988,3233500
Ireland,1989,3223200
Ireland,1990,3224000
Ireland,1991,3252100
Ireland,1992,3283400
Ireland,1993,3306500
Ireland,1994,3326000
Ireland,1995,3345900
Ireland,1996,3375800
Ireland,1997,3414285
Ireland,1998,3449415
Ireland,1999,3481871
Ireland,2000,3523376
Ireland,2001,3573974
Ireland,2002,3639573
Ireland,2003,3694079
Ireland,2004,3752679
Ireland,2005,3833357
Ireland,2006,3937578
Ireland,2007,4026707
Ireland,2008,4094192
Ireland,2009,4117667
Ireland,2010,4264857
Ireland,2011,4218849
Ireland,2012,4220806
Ireland,2013,4227378
Ireland,2014,4328043
Israel,1985,3753500
Israel,1986,3813500
Israel,1987,3878100
Israel,1988,3947300
Israel,1989,4021100
Israel,1990,4156100
Israel,1991,4423200
Israel,1992,4588900
Israel,1993,4717000
Israel,1994,4844900
Israel,1995,4977700
Israel,1996,5103700
Israel,1997,5233500
Israel,1998,5360200
Israel,1999,5497047
Israel,2000,5643291
Israel,2001,5777467
Israel,2002,5895508
Israel,2003,6003127
Israel,2004,6109931
Israel,2005,6220861
Israel,2006,6334485
Israel,2007,6448814
Israel,2008,6565602
Israel,2009,6731835
Israel,2010,6849825
Israel,2011,6971495
Israel,2012,7095360
Israel,2013,7226008
Israel,2014,7366252
Israel,2015,7516180
Italy,1985,54114700
Italy,1986,54267500
Italy,1987,54424100
Italy,1988,54579700
Italy,1989,54697200
Italy,1990,54831700
Italy,1991,54465500
Italy,1992,54154898
Italy,1993,54140523
Italy,1994,54143049
Italy,1995,54141172
Italy,1996,54150332
Italy,1997,54181477
Italy,1998,54250592
Italy,1999,54280527
Italy,2000,54298946
Italy,2001,54333844
Italy,2002,54526842
Italy,2003,54937570
Italy,2004,54988156
Italy,2005,55244690
Italy,2006,56180672
Italy,2007,56583578
Italy,2008,57009825
Italy,2009,57351830
Italy,2010,57637843
Italy,2011,56610149
Italy,2012,56795085
Italy,2013,57503331
Italy,2014,58100676
Italy,2015,58117697
Jamaica,1985,2035000
Jamaica,1986,2052531
Jamaica,1987,2070760
Jamaica,1988,2090603
Jamaica,1989,2111039
Jamaica,1990,2131041
Jamaica,1991,2154835
Jamaica,2000,2367841
Jamaica,2001,2391278
Jamaica,2002,2415717
Jamaica,2003,2440426
Jamaica,2004,2464408
Jamaica,2005,2487169
Jamaica,2006,2512597
Jamaica,2009,2568883
Jamaica,2010,2586652
Jamaica,2011,2601037
Japan,1985,112809200
Japan,1986,113679000
Japan,1987,114416000
Japan,1988,115101000
Japan,1989,115766000
Japan,1990,116251400
Japan,1991,116802000
Japan,1992,117311000
Japan,1993,117735000
Japan,1994,118064000
Japan,1995,118349500
Japan,1996,118785000
Japan,1997,119060000
Japan,1998,119338000
Japan,1999,119540000
Japan,2000,119752660
Japan,2001,120066000
Japan,2002,120189000
Japan,2003,120395000
Japan,2004,120500000
Japan,2005,120657507
Japan,2006,120702000
Japan,2007,120704000
Japan,2008,120602000
Japan,2009,120496000
Japan,2010,121127267
Japan,2011,120927000
Japan,2012,120735000
Japan,2013,120514000
Japan,2014,120274000
Japan,2015,120376310
Kazakhstan,1990,14773900
Kazakhstan,1991,14952800
Kazakhstan,1992,15150100
Kazakhstan,1993,15331400
Kazakhstan,1994,15229600
Kazakhstan,1995,14989600
Kazakhstan,1996,14487700
Kazakhstan,1997,14394600
Kazakhstan,1998,13844200
Kazakhstan,1999,13773400
Kazakhstan,2000,13772422
Kazakhstan,2001,13772696
Kazakhstan,2002,13777476
Kazakhstan,2003,13811863
Kazakhstan,2004,13873328
Kazakhstan,2005,13947770
Kazakhstan,2006,14037676
Kazakhstan,2007,14125606
Kazakhstan,2008,14216053
Kazakhstan,2009,14370635
Kazakhstan,2010,14713167
Kazakhstan,2011,14853350
Kazakhstan,2012,15023549
Kazakhstan,2013,15215382
Kazakhstan,2014,15428844
Kazakhstan,2015,15646752
Kiribati,1991,61855
Kiribati,1992,62856
Kiribati,1993,63848
Kiribati,1994,64871
Kiribati,1995,65923
Kiribati,1996,67126
Kiribati,1997,68328
Kiribati,1998,69570
Kiribati,1999,70938
Kiribati,2000,72440
Kiribati,2001,73851
Kuwait,1985,1468000
Kuwait,1986,1535300
Kuwait,1987,1606300
Kuwait,1993,1273600
Kuwait,1994,1448000
Kuwait,1995,1511100
Kuwait,1996,1568700
Kuwait,1997,1617500
Kuwait,1998,1825766
Kuwait,1999,1898700
Kuwait,2000,1973153
Kuwait,2001,2038530
Kuwait,2002,2158603
Kuwait,2003,1950622
Kuwait,2004,1996086
Kuwait,2005,2062968
Kuwait,2006,2165713
Kuwait,2007,3074918
Kuwait,2008,3369394
Kuwait,2009,3165654
Kuwait,2010,3281614
Kuwait,2011,3333698
Kuwait,2012,3496698
Kuwait,2013,3574090
Kuwait,2014,3715284
Kyrgyzstan,1990,3737300
Kyrgyzstan,1991,3796500
Kyrgyzstan,1992,3839300
Kyrgyzstan,1993,3841200
Kyrgyzstan,1994,3851100
Kyrgyzstan,1995,3905400
Kyrgyzstan,1996,3978800
Kyrgyzstan,1997,4059900
Kyrgyzstan,1998,4139700
Kyrgyzstan,1999,4298100
Kyrgyzstan,2000,4369202
Kyrgyzstan,2001,4425784
Kyrgyzstan,2002,4473163
Kyrgyzstan,2003,4520843
Kyrgyzstan,2004,4572278
Kyrgyzstan,2005,4614533
Kyrgyzstan,2006,4646475
Kyrgyzstan,2007,4668640
Kyrgyzstan,2008,4690924
Kyrgyzstan,2009,4800134
Kyrgyzstan,2010,4837556
Kyrgyzstan,2011,4870538
Kyrgyzstan,2012,4932360
Kyrgyzstan,2013,5012200
Kyrgyzstan,2014,5096430
Kyrgyzstan,2015,5195827
Latvia,1995,2374700
Latvia,1996,2363400
Latvia,1997,2354700
Latvia,1998,2344100
Latvia,1999,2333400
Latvia,2000,2272107
Latvia,2001,2242227
Latvia,2002,2214484
Latvia,2003,2190211
Latvia,2004,2163477
Latvia,2005,2137831
Latvia,2006,2115215
Latvia,2007,2093878
Latvia,2008,2067529
Latvia,2009,2030316
Latvia,2010,1987906
Latvia,2011,1953611
Latvia,2012,1931521
Latvia,2013,1912464
Latvia,2014,1894041
Latvia,2015,1875522
Lithuania,1995,3387149
Lithuania,1996,3375163
Lithuania,1997,3364273
Lithuania,1998,3350973
Lithuania,1999,3333452
Lithuania,2000,3315125
Lithuania,2001,3294138
Lithuania,2002,3274488
Lithuania,2003,3254127
Lithuania,2004,3222969
Lithuania,2005,3174728
Lithuania,2006,3125767
Lithuania,2007,3087867
Lithuania,2008,3053756
Lithuania,2009,3016497
Lithuania,2010,2949737
Lithuania,2011,2879805
Lithuania,2012,2837770
Lithuania,2013,2806627
Lithuania,2014,2781577
Lithuania,2015,2753926
Lithuania,2016,2445296
Luxembourg,1985,344800
Luxembourg,1986,346000
Luxembourg,1987,349400
Luxembourg,1988,352300
Luxembourg,1989,355400
Luxembourg,1990,358800
Luxembourg,1991,362900
Luxembourg,1992,367300
Luxembourg,1993,372000
Luxembourg,1994,377000
Luxembourg,1995,382100
Luxembourg,1996,387700
Luxembourg,1997,392600
Luxembourg,1998,397915
Luxembourg,1999,403890
Luxembourg,2000,410164
Luxembourg,2001,413930
Luxembourg,2002,418106
Luxembourg,2003,423654
Luxembourg,2004,430128
Luxembourg,2005,437338
Luxembourg,2006,444821
Luxembourg,2007,452012
Luxembourg,2008,460371
Luxembourg,2009,469209
Luxembourg,2010,477979
Luxembourg,2011,488918
Luxembourg,2012,501044
Luxembourg,2013,512689
Luxembourg,2014,524940
Luxembourg,2015,537748
Macau,1994,346542
Maldives,2000,247387
Maldives,2001,255503
Maldives,2002,263747
Maldives,2003,272110
Maldives,2004,280526
Maldives,2005,288936
Maldives,2007,305536
Maldives,2008,313924
Maldives,2010,331559
Maldives,2011,341018
Malta,1985,307200
Malta,1986,315800
Malta,1987,317400
Malta,1988,320800
Malta,1989,324000
Malta,1990,327400
Malta,1991,330800
Malta,1992,334300
Malta,1993,337700
Malta,1994,341700
Malta,1995,344900
Malta,1996,348200
Malta,1997,350400
Malta,1998,353400
Malta,1999,355600
Malta,2000,362676
Malta,2001,370541
Malta,2002,374456
Malta,2003,377785
Malta,2004,380918
Malta,2005,384111
Malta,2006,386038
Malta,2007,387581
Malta,2008,390195
Malta,2009,393102
Malta,2010,394949
Malta,2011,396423
Malta,2012,399138
Malta,2013,402728
Malta,2014,406525
Malta,2015,410637
Mauritius,1985,883400
Mauritius,1986,898100
Mauritius,1987,911300
Mauritius,1988,925000
Mauritius,1989,932900
Mauritius,1990,941100
Mauritius,1991,938100
Mauritius,1992,948300
Mauritius,1993,958300
Mauritius,1994,972800
Mauritius,1995,981900
Mauritius,1996,995000
Mauritius,1997,1011700
Mauritius,1998,1026300
Mauritius,1999,1042400
Mauritius,2000,1056073
Mauritius,2001,1068947
Mauritius,2002,1079755
Mauritius,2003,1092234
Mauritius,2004,1103091
Mauritius,2005,1113942
Mauritius,2006,1125301
Mauritius,2007,1135233
Mauritius,2008,1146258
Mauritius,2009,1159551
Mauritius,2010,1164931
Mauritius,2011,1173352
Mauritius,2012,1180547
Mauritius,2013,1147390
Mauritius,2014,1151424
Mauritius,2015,1154848
Mauritius,2016,992432
Mexico,1985,67566000
Mexico,1986,69123500
Mexico,1987,67948100
Mexico,1988,69646000
Mexico,1989,71359000
Mexico,1990,73076900
Mexico,1991,74796300
Mexico,1992,75285800
Mexico,1993,76826800
Mexico,1994,78374100
Mexico,1995,79927100
Mexico,1996,83802294
Mexico,1997,85340880
Mexico,1998,86825678
Mexico,1999,88271977
Mexico,2000,89694793
Mexico,2001,91052714
Mexico,2002,92394316
Mexico,2003,93758859
Mexico,2004,95193068
Mexico,2005,96730008
Mexico,2006,98468839
Mexico,2007,100294297
Mexico,2008,102170587
Mexico,2009,104044342
Mexico,2010,105875861
Mexico,2011,107655100
Mexico,2012,109368765
Mexico,2013,111036708
Mexico,2014,112692589
Mexico,2015,114357884
Mongolia,2016,2167589
Montenegro,2000,578668
Montenegro,2001,578668
Montenegro,2002,578668
Montenegro,2003,579688
Montenegro,2004,581623
Montenegro,2005,583232
Montenegro,2006,584885
Montenegro,2007,587244
Montenegro,2008,589953
Montenegro,2009,592234
Netherlands,1985,13618300
Netherlands,1986,13695500
Netherlands,1987,13777000
Netherlands,1988,13855700
Netherlands,1989,13929300
Netherlands,1990,14014300
Netherlands,1991,14114800
Netherlands,1992,14216900
Netherlands,1993,14313600
Netherlands,1994,14397700
Netherlands,1995,14474000
Netherlands,1996,14553700
Netherlands,1997,14639900
Netherlands,1998,14734600
Netherlands,1999,14832000
Netherlands,2000,14933235
Netherlands,2001,15038337
Netherlands,2002,15130318
Netherlands,2003,15203397
Netherlands,2004,15265861
Netherlands,2005,15320595
Netherlands,2006,15368697
Netherlands,2007,15425404
Netherlands,2008,15506963
Netherlands,2009,15602176
Netherlands,2010,15691409
Netherlands,2011,15772162
Netherlands,2012,15839503
Netherlands,2013,15899508
Netherlands,2014,15899508
Netherlands,2015,16057342
Netherlands,2016,14239554
New Zealand,1985,3025800
New Zealand,1986,3026100
New Zealand,1987,3047100
New Zealand,1988,3055200
New Zealand,1989,3063800
New Zealand,1990,3089400
New Zealand,1991,3203900
New Zealand,1992,3235600
New Zealand,1993,3273200
New Zealand,1994,3319500
New Zealand,1995,3373800
New Zealand,1996,3432500
New Zealand,1997,3470200
New Zealand,1998,3502800
New Zealand,1999,3549300
New Zealand,2000,3573690
New Zealand,2001,3599090
New Zealand,2002,3659190
New Zealand,2003,3729420
New Zealand,2004,3802510
New Zealand,2005,3849280
New Zealand,2006,3898600
New Zealand,2007,3935450
New Zealand,2008,3968450
New Zealand,2009,4009980
New Zealand,2010,4055470
New Zealand,2011,4090460
New Zealand,2012,4120870
New Zealand,2013,4129770
Nicaragua,2010,5107427
Nicaragua,2011,5177921
Nicaragua,2012,5251443
Nicaragua,2013,5326935
Nicaragua,2014,5402424
Nicaragua,2015,5476483
Norway,1986,3911700
Norway,1987,3929500
Norway,1988,3946600
Norway,1989,3955800
Norway,1990,3961300
Norway,1991,3972600
Norway,1992,3989800
Norway,1993,4010500
Norway,1994,4033300
Norway,1995,4055900
Norway,1996,4078000
Norway,1997,4102100
Norway,1998,4129400
Norway,1999,4159745
Norway,2000,4168315
Norway,2001,4215103
Norway,2002,4243689
Norway,2003,4273124
Norway,2004,4301960
Norway,2005,4335092
Norway,2006,4372103
Norway,2007,4417369
Norway,2008,4472089
Norway,2009,4527536
Norway,2010,4582885
Norway,2011,4643300
Norway,2012,4706585
Norway,2013,4767605
Norway,2014,4827178
Norway,2015,4882909
Oman,2009,2607549
Oman,2010,2748440
Oman,2014,3631098
Panama,1985,1899700
Panama,1986,1939900
Panama,1987,1980800
Panama,1988,2064310
Panama,1989,2112479
Panama,1996,2472851
Panama,1997,2526210
Panama,1998,2579433
Panama,1999,2633348
Panama,2000,2688510
Panama,2001,2742982
Panama,2002,2800046
Panama,2003,2858964
Panama,2004,2918453
Panama,2005,2977595
Panama,2006,3037959
Panama,2007,3097138
Panama,2008,3155636
Panama,2009,3214513
Panama,2010,3274415
Panama,2011,3334191
Panama,2012,3395244
Panama,2013,3457387
Panama,2014,3520213
Panama,2015,3583382
Paraguay,1985,3077314
Paraguay,1986,3167535
Paraguay,1987,3261975
Paraguay,1989,3459176
Paraguay,1990,3560229
Paraguay,1991,3662812
Paraguay,1994,3972517
Paraguay,1995,4076758
Paraguay,1996,4181422
Paraguay,1997,4284973
Paraguay,1998,4388094
Paraguay,1999,4492220
Paraguay,2000,4598158
Paraguay,2001,4701314
Paraguay,2002,4809921
Paraguay,2003,4920489
Paraguay,2004,5027301
Paraguay,2005,5126457
Paraguay,2006,5223460
Paraguay,2007,5307169
Paraguay,2008,5382169
Paraguay,2009,5456220
Paraguay,2010,5534703
Paraguay,2011,5610499
Paraguay,2012,5695283
Paraguay,2013,5786207
Paraguay,2014,5877594
Philippines,1992,55304684
Philippines,1993,56781569
Philippines,1997,62772694
Philippines,1998,64252614
Philippines,1999,65740201
Philippines,2000,67243482
Philippines,2001,68738092
Philippines,2002,70256443
Philippines,2003,71781489
Philippines,2006,76435755
Philippines,2007,78008654
Philippines,2008,79595888
Philippines,2009,81193855
Philippines,2010,82760992
Philippines,2011,84201767
Poland,1990,35164800
Poland,1991,35396300
Poland,1992,35605400
Poland,1993,35792600
Poland,1994,35960000
Poland,1995,36104900
Poland,1996,36243300
Poland,1999,36575200
Poland,2000,36233344
Poland,2001,36295390
Poland,2002,36347498
Poland,2003,36353775
Poland,2004,36371596
Poland,2005,36371365
Poland,2006,36348232
Poland,2007,36310843
Poland,2008,36262711
Poland,2009,36223402
Poland,2010,36027791
Poland,2011,36008237
Poland,2012,36013446
Poland,2013,36023694
Poland,2014,36059630
Poland,2015,36086575
Portugal,1985,9313930
Portugal,1986,9349248
Portugal,1987,9378989
Portugal,1988,9400481
Portugal,1989,9415270
Portugal,1990,9420814
Portugal,1991,9410507
Portugal,1992,9401557
Portugal,1993,9410082
Portugal,1994,9436009
Portugal,1995,9473844
Portugal,1996,9515960
Portugal,1997,9564579
Portugal,1998,9617110
Portugal,1999,9671357
Portugal,2000,9740085
Portugal,2001,9809536
Portugal,2002,9859832
Portugal,2003,9895009
Portugal,2007,10005713
Portugal,2008,10030640
Portugal,2009,10049918
Portugal,2010,10066628
Portugal,2011,10062815
Portugal,2012,10029396
Portugal,2013,9985074
Portugal,2014,9944433
Puerto Rico,1985,3082500
Puerto Rico,1986,3143200
Puerto Rico,1987,3189400
Puerto Rico,1988,3235600
Puerto Rico,1989,3283800
Puerto Rico,1990,3204000
Puerto Rico,1991,3237200
Puerto Rico,1992,3287900
Puerto Rico,1993,3312472
Puerto Rico,1994,3343624
Puerto Rico,1995,3375154
Puerto Rico,1996,3401823
Puerto Rico,1997,3432757
Puerto Rico,1998,3464834
Puerto Rico,1999,3492721
Puerto Rico,2000,3511947
Puerto Rico,2001,3522212
Puerto Rico,2002,3523951
Puerto Rico,2003,3519026
Puerto Rico,2004,3511462
Puerto Rico,2005,3504599
Puerto Rico,2006,3499036
Puerto Rico,2007,3493631
Puerto Rico,2008,3488811
Puerto Rico,2009,3484474
Puerto Rico,2010,3480379
Puerto Rico,2011,3475298
Puerto Rico,2012,3472672
Puerto Rico,2013,3471665
Puerto Rico,2014,3470956
Puerto Rico,2015,3469521
Qatar,1995,463449
Qatar,2001,539483
Qatar,2004,697191
Qatar,2005,796618
Qatar,2006,940090
Qatar,2007,1115479
Qatar,2008,1310465
Qatar,2009,1506649
Qatar,2010,1689592
Qatar,2011,1854081
Qatar,2012,2003149
Qatar,2013,2135349
Qatar,2014,2251682
Qatar,2015,2354147
Qatar,2016,2213121
Republic of Korea,1985,36716700
Republic of Korea,1986,37540400
Republic of Korea,1987,38114900
Republic of Korea,1988,38700500
Republic of Korea,1989,39171500
Republic of Korea,1990,39589500
Republic of Korea,1991,39993700
Republic of Korea,1992,40371200
Republic of Korea,1993,40754800
Republic of Korea,1994,41145300
Republic of Korea,1995,42076400
Republic of Korea,1996,42507100
Republic of Korea,1997,42956100
Republic of Korea,1998,43395700
Republic of Korea,1999,43817300
Republic of Korea,2000,44271743
Republic of Korea,2001,44710865
Republic of Korea,2002,45110041
Republic of Korea,2003,45455888
Republic of Korea,2004,45779970
Republic of Korea,2005,46151884
Republic of Korea,2006,46513964
Republic of Korea,2007,46814207
Republic of Korea,2008,47101747
Republic of Korea,2009,47380017
Republic of Korea,2010,47598615
Republic of Korea,2011,47798017
Republic of Korea,2012,48020985
Republic of Korea,2013,48248224
Republic of Korea,2014,48465917
Republic of Korea,2015,48671752
Romania,1989,21344500
Romania,1990,21401900
Romania,1991,21458000
Romania,1992,21227100
Romania,1993,21307600
Romania,1994,21386000
Romania,1995,21451300
Romania,1996,21397300
Romania,1997,21369000
Romania,1998,21338400
Romania,1999,21310800
Romania,2000,21290400
Romania,2001,21272887
Romania,2002,20700580
Romania,2003,20656841
Romania,2004,20610767
Romania,2005,20569960
Romania,2006,20526561
Romania,2007,20475026
Romania,2008,20433803
Romania,2009,20390882
Romania,2010,20348649
Romania,2011,20291701
Romania,2012,19041594
Romania,2013,19003345
Romania,2014,18952235
Romania,2015,18863927
Romania,2016,16644905
Russian Federation,1989,135443800
Russian Federation,1990,136398200
Russian Federation,1991,137283000
Russian Federation,1992,138118900
Russian Federation,1993,137692800
Russian Federation,1994,138476200
Russian Federation,1995,139087100
Russian Federation,1996,139272600
Russian Federation,1997,139283200
Russian Federation,1998,139122100
Russian Federation,1999,138717800
Russian Federation,2000,138205695
Russian Federation,2001,137521509
Russian Federation,2002,136590900
Russian Federation,2003,137019868
Russian Federation,2004,137071699
Russian Federation,2005,136162191
Russian Federation,2006,135357462
Russian Federation,2007,134778964
Russian Federation,2008,134385949
Russian Federation,2009,134085433
Russian Federation,2010,134865987
Russian Federation,2011,134745874
Russian Federation,2012,134668522
Russian Federation,2013,134713962
Russian Federation,2014,134713962
Russian Federation,2015,137018943
Saint Kitts and Nevis,1990,39100
Saint Kitts and Nevis,1991,39100
Saint Kitts and Nevis,1992,39100
Saint Lucia,1986,110000
Saint Lucia,1987,111300
Saint Lucia,1988,113000
Saint Lucia,1989,118566
Saint Lucia,1990,120537
Saint Lucia,1991,122496
Saint Lucia,1992,124223
Saint Lucia,1993,125846
Saint Lucia,1994,127557
Saint Lucia,1995,129466
Saint Lucia,1996,131621
Saint Lucia,1997,133967
Saint Lucia,1998,136400
Saint Lucia,1999,138813
Saint Lucia,2000,141100
Saint Lucia,2001,143166
Saint Lucia,2002,145168
Saint Lucia,2003,147127
Saint Lucia,2004,149121
Saint Lucia,2005,151169
Saint Lucia,2006,153460
Saint Lucia,2008,157876
Saint Lucia,2009,159820
Saint Lucia,2010,161503
Saint Lucia,2011,162892
Saint Lucia,2012,163940
Saint Lucia,2013,164790
Saint Lucia,2014,165596
Saint Vincent and Grenadines,1985,89800
Saint Vincent and Grenadines,1986,90800
Saint Vincent and Grenadines,1987,92036
Saint Vincent and Grenadines,1990,94141
Saint Vincent and Grenadines,1995,95974
Saint Vincent and Grenadines,1996,96095
Saint Vincent and Grenadines,1997,96255
Saint Vincent and Grenadines,1998,96449
Saint Vincent and Grenadines,1999,96685
Saint Vincent and Grenadines,2000,96956
Saint Vincent and Grenadines,2001,97341
Saint Vincent and Grenadines,2002,97799
Saint Vincent and Grenadines,2003,98292
Saint Vincent and Grenadines,2004,98740
Saint Vincent and Grenadines,2005,99118
Saint Vincent and Grenadines,2006,99463
Saint Vincent and Grenadines,2007,99689
Saint Vincent and Grenadines,2008,99826
Saint Vincent and Grenadines,2009,99927
Saint Vincent and Grenadines,2010,100050
Saint Vincent and Grenadines,2011,100037
Saint Vincent and Grenadines,2012,100167
Saint Vincent and Grenadines,2013,100398
Saint Vincent and Grenadines,2014,100676
Saint Vincent and Grenadines,2015,100948
San Marino,1999,25192
San Marino,2000,25369
San Marino,2005,28264
Serbia,1998,7179002
Serbia,1999,7162831
Serbia,2000,7149140
Serbia,2001,7142410
Serbia,2002,7138113
Serbia,2003,7111975
Serbia,2004,7086364
Serbia,2005,7058982
Serbia,2006,7031811
Serbia,2007,7009610
Serbia,2008,6988532
Serbia,2009,6968240
Serbia,2010,6944871
Serbia,2011,6900027
Serbia,2012,6867174
Serbia,2013,6832840
Serbia,2014,6801810
Serbia,2015,6766406
Seychelles,1985,57300
Seychelles,1986,57400
Seychelles,1987,58300
Seychelles,2001,75363
Seychelles,2002,76904
Seychelles,2003,78402
Seychelles,2004,79735
Seychelles,2005,80900
Seychelles,2006,81691
Seychelles,2007,82331
Seychelles,2008,82900
Seychelles,2009,83429
Seychelles,2010,83885
Seychelles,2011,80717
Seychelles,2012,81224
Seychelles,2013,82541
Seychelles,2014,83845
Seychelles,2015,85949
Singapore,1985,2350500
Singapore,1986,2379300
Singapore,1987,2407800
Singapore,1988,2393400
Singapore,1989,2431100
Singapore,1990,2511800
Singapore,1991,2559300
Singapore,1992,2604000
Singapore,1993,2655800
Singapore,1994,2712200
Singapore,1995,2765300
Singapore,1996,2823100
Singapore,1997,2880000
Singapore,1998,2940200
Singapore,1999,2997100
Singapore,2000,3047600
Singapore,2001,3103000
Singapore,2002,3165200
Singapore,2003,3226200
Singapore,2004,3281400
Singapore,2005,3342400
Singapore,2006,3411900
Singapore,2007,3389600
Singapore,2008,3448900
Singapore,2009,3536100
Singapore,2010,3576800
Singapore,2011,3600900
Singapore,2012,3631600
Singapore,2013,3661456
Singapore,2014,3689370
Singapore,2015,3719115
Slovakia,1992,4909228
Slovakia,1993,4935260
Slovakia,1994,4974858
Slovakia,1995,5005232
Slovakia,1996,5032436
Slovakia,1997,5058389
Slovakia,1998,5081100
Slovakia,1999,5098200
Slovakia,2000,5111813
Slovakia,2001,5100256
Slovakia,2002,5107584
Slovakia,2003,5113982
Slovakia,2004,5121210
Slovakia,2005,5126946
Slovakia,2006,5129369
Slovakia,2007,5132660
Slovakia,2008,5137067
Slovakia,2009,5141744
Slovakia,2010,5147562
Slovakia,2012,5116922
Slovakia,2013,5122209
Slovakia,2014,5129686
Slovenia,1995,1884000
Slovenia,1996,1893100
Slovenia,1997,1883900
Slovenia,1998,1880300
Slovenia,1999,1884400
Slovenia,2000,1886483
Slovenia,2001,1901330
Slovenia,2002,1906124
Slovenia,2003,1907589
Slovenia,2004,1907862
Slovenia,2005,1911817
Slovenia,2006,1918570
Slovenia,2007,1927332
Slovenia,2008,1943758
Slovenia,2009,1942037
Slovenia,2010,1944774
Slovenia,2011,1944561
Slovenia,2012,1945988
Slovenia,2013,1948276
Slovenia,2014,1951786
Slovenia,2015,1954632
South Africa,1996,37773652
South Africa,1997,38528157
South Africa,1998,39232468
South Africa,1999,39907560
South Africa,2000,40568559
South Africa,2001,41185599
South Africa,2002,41803868
South Africa,2003,42415309
South Africa,2004,43005874
South Africa,2005,43566107
South Africa,2006,44079057
South Africa,2007,44577435
South Africa,2008,43680586
South Africa,2009,45607048
South Africa,2010,46176200
South Africa,2011,46806739
South Africa,2012,47484256
South Africa,2013,48192699
South Africa,2014,48912129
South Africa,2015,49627460
Spain,1985,35997000
Spain,1986,36223000
Spain,1987,36425700
Spain,1988,36597300
Spain,1989,36740400
Spain,1990,36861400
Spain,1991,36958100
Spain,1992,37000900
Spain,1993,37122100
Spain,1994,37203100
Spain,1995,37275300
Spain,1996,37341200
Spain,1997,37405000
Spain,1998,37458900
Spain,1999,37789271
Spain,2000,38319996
Spain,2001,38713504
Spain,2002,39340611
Spain,2003,39947556
Spain,2004,40555823
Spain,2005,41195479
Spain,2006,41808848
Spain,2007,42547327
Spain,2008,43199484
Spain,2009,43490086
Spain,2010,43595356
Spain,2011,43642571
Spain,2012,44318859
Spain,2013,44227625
Spain,2014,44172771
Spain,2015,44186528
Sri Lanka,1985,13857000
Sri Lanka,1986,14101400
Sri Lanka,1996,16654427
Sri Lanka,1997,16775409
Sri Lanka,1998,16897691
Sri Lanka,1999,17020287
Sri Lanka,2000,17140342
Sri Lanka,2001,17266961
Sri Lanka,2002,17395955
Sri Lanka,2003,17524596
Sri Lanka,2006,17891558
Suriname,1985,322700
Suriname,1986,326294
Suriname,1987,332013
Suriname,1988,339611
Suriname,1989,347723
Suriname,1990,348700
Suriname,1991,363079
Suriname,1992,370194
Suriname,1995,389414
Suriname,1996,395805
Suriname,1997,401814
Suriname,1998,407606
Suriname,1999,413303
Suriname,2000,419001
Suriname,2001,424515
Suriname,2002,430176
Suriname,2003,435946
Suriname,2004,441717
Suriname,2005,447445
Suriname,2006,453293
Suriname,2007,459086
Suriname,2008,464789
Suriname,2009,470448
Suriname,2010,476052
Suriname,2011,481521
Suriname,2012,486964
Suriname,2013,492359
Suriname,2014,497701
Sweden,1987,7909000
Sweden,1988,7930900
Sweden,1989,7964800
Sweden,1990,8005700
Sweden,1991,8041100
Sweden,1992,8073200
Sweden,1993,8112500
Sweden,1994,8174100
Sweden,1995,8233000
Sweden,1996,8274300
Sweden,1997,8311300
Sweden,1998,8346300
Sweden,1999,8378013
Sweden,2000,8409008
Sweden,2001,8439317
Sweden,2002,8465828
Sweden,2003,8490539
Sweden,2004,8514314
Sweden,2005,8538624
Sweden,2006,8576044
Sweden,2007,8629159
Sweden,2008,8688504
Sweden,2009,8755922
Sweden,2010,8823125
Sweden,2011,8884644
Sweden,2012,8948909
Sweden,2013,9024081
Sweden,2014,9114524
Sweden,2015,9114524
Sweden,2016,8125852
Switzerland,1995,6617500
Switzerland,1996,6652200
Switzerland,1997,6675200
Switzerland,1998,6725167
Switzerland,1999,6764328
Switzerland,2000,6809589
Switzerland,2001,6865842
Switzerland,2002,6942010
Switzerland,2003,6969293
Switzerland,2004,7023166
Switzerland,2005,7071991
Switzerland,2006,7118477
Switzerland,2007,7183595
Switzerland,2008,7274875
Switzerland,2009,7364558
Switzerland,2010,7439147
Switzerland,2011,7518040
Switzerland,2012,7595591
Switzerland,2013,7681318
Switzerland,2014,7809621
Switzerland,2015,7892502
Thailand,1985,46303443
Thailand,1986,47331465
Thailand,1987,48376410
Thailand,1990,51228668
Thailand,1991,51947693
Thailand,1992,52570440
Thailand,1994,52691000
Thailand,1995,54366057
Thailand,1996,55070703
Thailand,1997,55859088
Thailand,1998,56691783
Thailand,1999,57507860
Thailand,2000,58262135
Thailand,2002,58263389
Thailand,2003,60158951
Thailand,2004,60686373
Thailand,2005,61182665
Thailand,2006,61636512
Thailand,2007,58941621
Thailand,2008,59216773
Thailand,2009,59483718
Thailand,2010,59769764
Thailand,2011,60261832
Thailand,2012,60382255
Thailand,2013,60766487
Thailand,2014,61139919
Thailand,2015,61261276
Thailand,2016,53442001
Trinidad and Tobago,1985,1008000
Trinidad and Tobago,1986,1061600
Trinidad and Tobago,1987,1078300
Trinidad and Tobago,1988,1095600
Trinidad and Tobago,1989,1070000
Trinidad and Tobago,1990,1088500
Trinidad and Tobago,1991,1102000
Trinidad and Tobago,1992,1132600
Trinidad and Tobago,1993,1148300
Trinidad and Tobago,1994,1162900
Trinidad and Tobago,1995,1149173
Trinidad and Tobago,1996,1156185
Trinidad and Tobago,1997,1162267
Trinidad and Tobago,1998,1167924
Trinidad and Tobago,1999,1173276
Trinidad and Tobago,2000,1178363
Trinidad and Tobago,2001,1183354
Trinidad and Tobago,2002,1188800
Trinidad and Tobago,2003,1194458
Trinidad and Tobago,2004,1200116
Trinidad and Tobago,2005,1205471
Trinidad and Tobago,2006,1209301
Trinidad and Tobago,2007,1213988
Trinidad and Tobago,2008,1219336
Trinidad and Tobago,2009,1225097
Trinidad and Tobago,2010,1231002
Trinidad and Tobago,2011,1237186
Turkey,2009,65962419
Turkey,2010,66975131
Turkey,2011,68034357
Turkey,2012,68976439
Turkey,2013,69880352
Turkey,2014,70931420
Turkey,2015,71880464
Turkmenistan,1987,2859100
Turkmenistan,1988,2926300
Turkmenistan,1989,2999000
Turkmenistan,1990,3079800
Turkmenistan,1991,3162500
Turkmenistan,1992,3252900
Turkmenistan,1993,3331100
Turkmenistan,1994,3423100
Turkmenistan,1995,3818200
Turkmenistan,1996,3913000
Turkmenistan,1997,4006400
Turkmenistan,1998,4099200
Turkmenistan,1999,3958754
Turkmenistan,2000,4026478
Turkmenistan,2001,4095981
Turkmenistan,2002,4143692
Turkmenistan,2003,4177740
Turkmenistan,2004,4211000
Turkmenistan,2005,4252530
Turkmenistan,2006,4287650
Turkmenistan,2007,4342657
Turkmenistan,2008,4412135
Turkmenistan,2009,4484467
Turkmenistan,2010,4551185
Turkmenistan,2011,4626095
Turkmenistan,2012,4690058
Turkmenistan,2013,4748055
Turkmenistan,2014,4811227
Turkmenistan,2015,4886514
Ukraine,1987,47374200
Ukraine,1988,47549900
Ukraine,1989,47761700
Ukraine,1990,47971600
Ukraine,1991,48200600
Ukraine,1992,48487300
Ukraine,1993,48680500
Ukraine,1994,48619000
Ukraine,1995,48415300
Ukraine,1996,48174500
Ukraine,1997,47923000
Ukraine,1998,47675400
Ukraine,1999,47415400
Ukraine,2000,47125400
Ukraine,2001,46805969
Ukraine,2002,46060017
Ukraine,2003,45697383
Ukraine,2004,45322826
Ukraine,2005,44939270
Ukraine,2006,44560034
Ukraine,2007,44198672
Ukraine,2008,43856123
Ukraine,2009,43557944
Ukraine,2010,43296809
Ukraine,2011,43074791
Ukraine,2012,42915935
Ukraine,2014,40464165
Ukraine,2015,40345446
United Arab Emirates,2005,4280433
United Arab Emirates,2006,4923879
United Arab Emirates,2007,5695389
United Arab Emirates,2008,6510358
United Arab Emirates,2009,7252480
United Arab Emirates,2010,7839736
United Kingdom,1985,53006535
United Kingdom,1986,53119533
United Kingdom,1987,53239668
United Kingdom,1988,53310780
United Kingdom,1989,53425129
United Kingdom,1990,53557854
United Kingdom,1991,53903427
United Kingdom,1992,54076358
United Kingdom,1993,54283982
United Kingdom,1994,54497293
United Kingdom,1995,54746964
United Kingdom,1996,55012207
United Kingdom,1997,55266635
United Kingdom,1998,55527379
United Kingdom,1999,55833339
United Kingdom,2000,56133909
United Kingdom,2001,55571993
United Kingdom,2002,55908944
United Kingdom,2003,56171771
United Kingdom,2004,56455011
United Kingdom,2005,56809024
United Kingdom,2006,57091129
United Kingdom,2007,57382757
United Kingdom,2008,57683372
United Kingdom,2009,58013559
United Kingdom,2010,58403529
United Kingdom,2011,58881852
United Kingdom,2012,59708630
United Kingdom,2013,60091793
United Kingdom,2014,60570482
United Kingdom,2015,61082942
United States,1985,220723000
United States,1986,222953000
United States,1987,225148000
United States,1988,227353000
United States,1989,229487000
United States,1990,229952200
United States,1991,232955000
United States,1992,235565600
United States,1993,238092300
United States,1994,240614100
United States,1995,243164200
United States,1996,245997800
United States,1997,248486400
United States,1998,251332500
United States,1999,253748671
United States,2000,262246108
United States,2001,265427546
United States,2002,268759559
United States,2003,271041510
United States,2004,273584136
United States,2005,276106680
United States,2006,278980848
United States,2007,280658606
United States,2008,282355565
United States,2009,285162662
United States,2010,287839149
United States,2011,290313825
United States,2012,292827128
United States,2013,295322862
United States,2014,297749735
United States,2015,300078511
Uruguay,1985,2737400
Uruguay,1986,2757600
Uruguay,1987,2778900
Uruguay,1988,2799600
Uruguay,1989,2820700
Uruguay,1990,2834000
Uruguay,1993,2896228
Uruguay,1994,2920296
Uruguay,1995,2943816
Uruguay,1996,2967278
Uruguay,1997,2991662
Uruguay,1998,3014887
Uruguay,1999,3034833
Uruguay,2000,3050169
Uruguay,2001,3061024
Uruguay,2002,3065257
Uruguay,2003,3065772
Uruguay,2004,3066489
Uruguay,2005,3070178
Uruguay,2006,3077445
Uruguay,2007,3087957
Uruguay,2008,3100791
Uruguay,2009,3114306
Uruguay,2010,3127306
Uruguay,2012,3151939
Uruguay,2013,3164670
Uruguay,2014,3177645
Uruguay,2015,3190795
Uzbekistan,1990,17165700
Uzbekistan,1991,17347800
Uzbekistan,1992,18257000
Uzbekistan,1993,18509300
Uzbekistan,1994,19144700
Uzbekistan,1995,19599000
Uzbekistan,1996,19854500
Uzbekistan,1997,20364300
Uzbekistan,1998,20861200
Uzbekistan,1999,21329916
Uzbekistan,2000,21789067
Uzbekistan,2001,22231527
Uzbekistan,2002,22632256
Uzbekistan,2003,22982883
Uzbekistan,2004,23300841
Uzbekistan,2005,23600347
Uzbekistan,2009,25288102
Uzbekistan,2010,25651783
Uzbekistan,2011,25978049
Uzbekistan,2012,26381830
Uzbekistan,2013,26838924
Uzbekistan,2014,27313507
